policy_name,period,rff,picxfe,pitarg,xgap,inflation_gap,lagged_rff,rate_change
pyfrbus_baseline,2040Q1,3.0000797894903,1.98026282937,2.0,0.03096444537982,-0.019737170630000023,3.0000938526302,-1.406313989971153e-05
pyfrbus_baseline,2040Q2,3.0000678331404,1.98026282257,2.0,0.029446053464349992,-0.01973717742999992,3.0000797894903,-1.1956349900366092e-05
pyfrbus_baseline,2040Q3,3.0000576675704,1.9802628161601,2.0,0.02800059407714,-0.019737183839900085,3.0000678331404,-1.016556999999807e-05
pyfrbus_baseline,2040Q4,3.0000635678518,1.9802628116682,2.0,0.03207862844718999,-0.01973718833180005,3.0000576675704,5.900281400350593e-06
pyfrbus_baseline,2041Q1,3.000054032674,1.9802627993607,2.0,0.03530471520976999,-0.019737200639299957,3.0000635678518,-9.535177800223948e-06
pyfrbus_baseline,2041Q2,3.0000459277729,1.9802627888993,2.0,0.03534355678397,-0.019737211100699925,3.000054032674,-8.104901100036699e-06
pyfrbus_baseline,2041Q3,3.0000390386069,1.9802627800071,2.0,0.03327313021235999,-0.019737219992900012,3.0000459277729,-6.889165999890423e-06
pyfrbus_baseline,2041Q4,3.0000331828159,1.9802627724488,2.0,0.030196084136990008,-0.0197372275512,3.0000390386069,-5.85579100009781e-06
pyfrbus_baseline,2042Q1,3.0000282053936,1.9802627660242,2.0,0.02694813780488,-0.01973723397579996,3.0000331828159,-4.977422300100898e-06
pyfrbus_baseline,2042Q2,3.0000239745846,1.9802627605632,2.0,0.02401980484104,-0.019737239436800058,3.0000282053936,-4.230809000027591e-06
pyfrbus_baseline,2042Q3,3.0000203783969,1.9802627559215,2.0,0.02160388422071,-0.01973724407849997,3.0000239745846,-3.596187699628217e-06
pyfrbus_baseline,2042Q4,3.0000173216373,1.980262751976,2.0,0.01969390487182,-0.019737248023999898,3.0000203783969,-3.056759600106318e-06
pyfrbus_baseline,2043Q1,3.0000147233917,1.9802627486222,2.0,0.01818338929851,-0.019737251377800025,3.0000173216373,-2.5982456000051e-06
pyfrbus_baseline,2043Q2,3.0000125148829,1.9802627457716,2.0,0.01694068635363,-0.019737254228400003,3.0000147233917,-2.2085087998391373e-06
pyfrbus_baseline,2043Q3,3.0000106376503,1.9802627433485,2.0,0.01585286214184,-0.019737256651499946,3.0000125148829,-1.8772326000338069e-06
pyfrbus_baseline,2043Q4,3.0000090420028,1.9802627412889,2.0,0.01484312750444,-0.019737258711099992,3.0000106376503,-1.5956475003520154e-06
pyfrbus_baseline,2044Q1,3.0000076857023,1.9802627395383,2.0,0.01387065611357,-0.0197372604617001,3.0000090420028,-1.3563004999106454e-06
pyfrbus_baseline,2044Q2,3.0000065328469,1.9802627380503,2.0,0.01292162424138,-0.019737261949700047,3.0000076857023,-1.1528554000328484e-06
pyfrbus_baseline,2044Q3,3.0000055529198,1.9802627367854,2.0,0.01199808541533,-0.01973726321460001,3.0000065328469,-9.79927099908906e-07
pyfrbus_baseline,2044Q4,3.0000047199818,1.9802627357102,2.0,0.01110853079594,-0.01973726428979994,3.0000055529198,-8.329379999061359e-07
pyfrbus_baseline,2045Q1,3.0000040119846,1.9802627347965,2.0,0.01026164161378,-0.019737265203499943,3.0000047199818,-7.079971999779389e-07
pyfrbus_baseline,2045Q2,3.0000034101869,1.9802627340197,2.0,0.00946319054995,-0.0197372659802999,3.0000040119846,-6.01797700117146e-07
pyfrbus_baseline,2045Q3,3.000002898659,1.9802627333594,2.0,0.008715284618932,-0.019737266640599938,3.0000034101869,-5.115279000378337e-07
pyfrbus_baseline,2045Q4,3.0000024638601,1.9802627327982,2.0,0.008016961513824,-0.019737267201799913,3.000002898659,-4.347988999953145e-07
ppo_ann_direct,2040Q1,4.737779925764512,1.98026282937,2.0,0.03265173843832796,-0.019737170630000023,3.0000938526302,1.737686073134312
ppo_ann_direct,2040Q2,4.744136908082412,1.9625117349093382,2.0,-0.33282955373552114,-0.03748826509066183,4.737779925764512,0.006356982317900162
ppo_ann_direct,2040Q3,4.610124936751876,1.9407030228011777,2.0,-0.6044190889120246,-0.05929697719882232,4.744136908082412,-0.1340119713305361
ppo_ann_direct,2040Q4,4.399484945155918,1.9290303243092062,2.0,-0.9653102535202476,-0.07096967569079382,4.610124936751876,-0.2106399915959578
ppo_ann_direct,2041Q1,4.2843096353443055,1.913995110540947,2.0,-1.1519180461881597,-0.08600488945905305,4.399484945155918,-0.11517530981161261
ppo_ann_direct,2041Q2,4.175875320668642,1.9029602336775497,2.0,-1.3399719962380265,-0.09703976632245026,4.2843096353443055,-0.10843431467566322
ppo_ann_direct,2041Q3,4.095335293717902,1.8926679491068894,2.0,-1.4796584624071663,-0.1073320508931106,4.175875320668642,-0.08054002695074036
ppo_ann_direct,2041Q4,4.018126256715491,1.883823741635153,2.0,-1.6172848620437477,-0.11617625836484691,4.095335293717902,-0.07720903700241077
ppo_ann_direct,2042Q1,3.953146809891413,1.8750202410446903,2.0,-1.734275730440903,-0.12497975895530966,4.018126256715491,-0.0649794468240783
ppo_ann_direct,2042Q2,3.8969334304258556,1.8664472446034985,2.0,-1.8380619374853417,-0.13355275539650147,3.953146809891413,-0.05621337946555727
ppo_ann_direct,2042Q3,3.850232998534447,1.8578188260025594,2.0,-1.926863209614327,-0.14218117399744057,3.8969334304258556,-0.04670043189140882
ppo_ann_direct,2042Q4,3.8109181132377903,1.84914739931986,2.0,-2.004504327309255,-0.15085260068014006,3.850232998534447,-0.0393148852966565
ppo_ann_direct,2043Q1,3.778053002215666,1.8403454253344163,2.0,-2.0722782052366004,-0.15965457466558375,3.8109181132377903,-0.03286511102212408
ppo_ann_direct,2043Q2,3.750341944693913,1.8314066337263715,2.0,-2.132290283404876,-0.16859336627362853,3.778053002215666,-0.02771105752175318
ppo_ann_direct,2043Q3,3.726914297886064,1.822321555796843,2.0,-2.1858232081950333,-0.17767844420315693,3.750341944693913,-0.023427646807848923
ppo_ann_direct,2043Q4,3.706968051904667,1.8131074489517782,2.0,-2.2341042026828934,-0.18689255104822178,3.726914297886064,-0.01994624598139705
ppo_ann_direct,2044Q1,3.689894476148665,1.80378514466561,2.0,-2.278022900712386,-0.1962148553343901,3.706968051904667,-0.01707357575600188
ppo_ann_direct,2044Q2,3.675187279776157,1.7943815491594945,2.0,-2.318325220797979,-0.20561845084050545,3.689894476148665,-0.014707196372508058
ppo_ann_direct,2044Q3,3.66244734571968,1.7849233828416566,2.0,-2.3555837387612955,-0.21507661715834336,3.675187279776157,-0.012739934056477331
ppo_ann_direct,2044Q4,3.651352817737716,1.7754368667227238,2.0,-2.3902584599171424,-0.22456313327727617,3.66244734571968,-0.011094527981963864
ppo_ann_direct,2045Q1,3.641644522515749,1.7659462007941145,2.0,-2.4227144611113816,-0.23405379920588554,3.651352817737716,-0.0097082952219667
ppo_ann_direct,2045Q2,3.6331073769746016,1.756473289417514,2.0,-2.4532552558246503,-0.2435267105824861,3.641644522515749,-0.008537145541147595
ppo_ann_direct,2045Q3,3.6255618565036603,1.7470374046468624,2.0,-2.4821324975146823,-0.2529625953531376,3.6331073769746016,-0.007545520470941369
ppo_ann_direct,2045Q4,3.618857880696038,1.7376553259352199,2.0,-2.5095570919114634,-0.2623446740647801,3.6255618565036603,-0.0067039758076221645
td3_ann_revealed_direct,2040Q1,3.692237724481279,1.98026282937,2.0,0.03163651648778343,-0.019737170630000023,3.0000938526302,0.6921438718510791
td3_ann_revealed_direct,2040Q2,4.24073866645711,1.9731906312703897,2.0,-0.11746955970552338,-0.02680936872961026,3.692237724481279,0.5485009419758313
td3_ann_revealed_direct,2040Q3,4.50164769100501,1.9588619522252626,2.0,-0.3423239736193936,-0.041138047774737396,4.24073866645711,0.26090902454789955
td3_ann_revealed_direct,2040Q4,4.584979980687012,1.9441111327830343,2.0,-0.6345217339967983,-0.05588886721696573,4.50164769100501,0.08333228968200235
td3_ann_revealed_direct,2041Q1,4.5729527657730795,1.9283639442183658,2.0,-0.9119252251777236,-0.07163605578163423,4.584979980687012,-0.01202721491393266
td3_ann_revealed_direct,2041Q2,4.489846585781353,1.9132819300473172,2.0,-1.1673130964725815,-0.08671806995268283,4.5729527657730795,-0.08310617999172631
td3_ann_revealed_direct,2041Q3,4.368783996365143,1.8996002249920045,2.0,-1.387659272645717,-0.10039977500799546,4.489846585781353,-0.12106258941621029
td3_ann_revealed_direct,2041Q4,4.2283727790953,1.8876554738573155,2.0,-1.5753623052441632,-0.11234452614268453,4.368783996365143,-0.1404112172698433
td3_ann_revealed_direct,2042Q1,4.083261235673167,1.8771683826218621,2.0,-1.7292174412892876,-0.12283161737813786,4.2283727790953,-0.14511154342213306
td3_ann_revealed_direct,2042Q2,3.9441969581946235,1.8679299767986624,2.0,-1.8511036020277556,-0.13207002320133765,4.083261235673167,-0.1390642774785431
td3_ann_revealed_direct,2042Q3,3.818396478075299,1.8596658286708145,2.0,-1.943686483504317,-0.14033417132918546,3.9441969581946235,-0.12580048011932465
td3_ann_revealed_direct,2042Q4,3.7097845594197487,1.8521196544142076,2.0,-2.0111142673626974,-0.14788034558579244,3.818396478075299,-0.10861191865555009
td3_ann_revealed_direct,2043Q1,3.619651530549276,1.8450477710037436,2.0,-2.057809170613396,-0.15495222899625638,3.7097845594197487,-0.09013302887047292
td3_ann_revealed_direct,2043Q2,3.5144220894184155,1.8382473209344539,2.0,-2.0882262694150855,-0.16175267906554613,3.619651530549276,-0.1052294411308603
td3_ann_revealed_direct,2043Q3,3.3887715586592426,1.8318978475685468,2.0,-2.0999663521473417,-0.1681021524314532,3.5144220894184155,-0.12565053075917287
td3_ann_revealed_direct,2043Q4,3.241230551706863,1.8263324289605085,2.0,-2.0909653119667455,-0.1736675710394915,3.3887715586592426,-0.14754100695237948
td3_ann_revealed_direct,2044Q1,3.0554776687907887,1.8217623927740634,2.0,-2.0565127889818657,-0.17823760722593662,3.241230551706863,-0.1857528829160744
td3_ann_revealed_direct,2044Q2,2.8294103724821342,1.8186689536100429,2.0,-1.990667215322242,-0.18133104638995712,3.0554776687907887,-0.22606729630865452
td3_ann_revealed_direct,2044Q3,2.555927459336134,1.8175503815413014,2.0,-1.887409238165741,-0.18244961845869856,2.8294103724821342,-0.27348291314600015
td3_ann_revealed_direct,2044Q4,2.214297278690637,1.81890105230414,2.0,-1.7383710203372829,-0.18109894769586,2.555927459336134,-0.3416301806454971
td3_ann_revealed_direct,2045Q1,1.893689334000324,1.8234800807558862,2.0,-1.5316974139129689,-0.1765199192441138,2.214297278690637,-0.32060794469031295
td3_ann_revealed_direct,2045Q2,1.7486289178543721,1.8311340309232327,2.0,-1.273760745674373,-0.16886596907676732,1.893689334000324,-0.1450604161459519
td3_ann_revealed_direct,2045Q3,1.732399324013837,1.8398451675058554,2.0,-0.9981854075464116,-0.16015483249414464,1.7486289178543721,-0.01622959384053524
td3_ann_revealed_direct,2045Q4,1.804184900148818,1.8482044307617298,2.0,-0.7297626019165444,-0.1517955692382702,1.732399324013837,0.07178557613498104
td3_benchmark_transfer,2040Q1,2.3511716325556984,1.98026282937,2.0,0.030334474432568245,-0.019737170630000023,3.0000938526302,-0.6489222200745015
td3_benchmark_transfer,2040Q2,2.2533246155575277,1.9868950698132395,2.0,0.17155818311088622,-0.01310493018676051,2.3511716325556984,-0.09784701699817067
td3_benchmark_transfer,2040Q3,2.368829542094338,1.9961565008413873,2.0,0.2966143391441293,-0.0038434991586127065,2.2533246155575277,0.11550492653681044
td3_benchmark_transfer,2040Q4,2.5993116983658116,2.001209712652406,2.0,0.44718344188005527,0.001209712652406214,2.368829542094338,0.2304821562714734
td3_benchmark_transfer,2041Q1,2.767033568726202,2.005419382136373,2.0,0.5044797392305382,0.005419382136373052,2.5993116983658116,0.16772187036039066
td3_benchmark_transfer,2041Q2,2.8659151911372986,2.0070782121453092,2.0,0.5276643967397345,0.007078212145309237,2.767033568726202,0.09888162241109644
td3_benchmark_transfer,2041Q3,2.8977079564824755,2.0079293108990752,2.0,0.5189437528702039,0.007929310899075226,2.8659151911372986,0.03179276534517683
td3_benchmark_transfer,2041Q4,2.9038694260696563,2.0082949559949883,2.0,0.512618040583349,0.008294955994988307,2.8977079564824755,0.006161469587180779
td3_benchmark_transfer,2042Q1,2.9020843556544778,2.009009206959478,2.0,0.5083351078373675,0.009009206959477822,2.9038694260696563,-0.0017850704151785024
td3_benchmark_transfer,2042Q2,2.9028468042648448,2.010046320347201,2.0,0.5087620668887922,0.01004632034720121,2.9020843556544778,0.0007624486103670058
td3_benchmark_transfer,2042Q3,2.9056416519392934,2.011419864775685,2.0,0.5097354820132028,0.011419864775684907,2.9028468042648448,0.0027948476744485973
td3_benchmark_transfer,2042Q4,2.9093186066564467,2.0129811312916095,2.0,0.5105835784848243,0.012981131291609493,2.9056416519392934,0.0036769547171533468
td3_benchmark_transfer,2043Q1,2.9123601995379746,2.0146669568262356,2.0,0.5104777073599442,0.014666956826235644,2.9093186066564467,0.0030415928815279436
td3_benchmark_transfer,2043Q2,2.914637765130569,2.0164196105141743,2.0,0.5098938208839054,0.016419610514174288,2.9123601995379746,0.0022775655925943994
td3_benchmark_transfer,2043Q3,2.9163298219651472,2.0182180163016685,2.0,0.5090466791594248,0.018218016301668527,2.914637765130569,0.0016920568345781817
td3_benchmark_transfer,2043Q4,2.91777957409728,2.0200414855275115,2.0,0.508181199054514,0.020041485527511504,2.9163298219651472,0.001449752132132609
td3_benchmark_transfer,2044Q1,2.9191438118854585,2.0218752217257316,2.0,0.5073200556785232,0.02187522172573164,2.91777957409728,0.0013642377881786238
td3_benchmark_transfer,2044Q2,2.9204834807198656,2.0237040031418827,2.0,0.5064706023615313,0.0237040031418827,2.9191438118854585,0.0013396688344071706
td3_benchmark_transfer,2044Q3,2.921789254982047,2.0255159877896673,2.0,0.5056124221751328,0.02551598778966735,2.9204834807198656,0.0013057742621813695
td3_benchmark_transfer,2044Q4,2.9230480194236335,2.027301785594807,2.0,0.5047463908706346,0.027301785594807004,2.921789254982047,0.0012587644415864574
td3_benchmark_transfer,2045Q1,2.924247448813867,2.0290549351613496,2.0,0.5038750227725394,0.029054935161349604,2.9230480194236335,0.0011994293902333197
td3_benchmark_transfer,2045Q2,2.925383580545446,2.0307709822927054,2.0,0.5030067111393339,0.030770982292705362,2.924247448813867,0.0011361317315792263
td3_benchmark_transfer,2045Q3,2.9264562077394336,2.0324470909241263,2.0,0.5021472351593658,0.03244709092412634,2.925383580545446,0.0010726271939875964
td3_benchmark_transfer,2045Q4,2.9274710413177627,2.0340814615314664,2.0,0.5013011834324281,0.034081461531466406,2.9264562077394336,0.0010148335783290996
td3_svar_direct,2040Q1,5.414493799120237,1.98026282937,2.0,0.03330872226526805,-0.019737170630000023,3.0000938526302,2.414399946490037
td3_svar_direct,2040Q2,4.66157839476968,1.9556025008448394,2.0,-0.46781699380377145,-0.04439749915516056,5.414493799120237,-0.7529154043505573
td3_svar_direct,2040Q3,4.664269161536741,1.9332212084470546,2.0,-0.6858097683147509,-0.06677879155294542,4.66157839476968,0.002690766767061703
td3_svar_direct,2040Q4,4.506017894302982,1.924645054044647,2.0,-1.1086077713565425,-0.07535494595535308,4.664269161536741,-0.15825126723375949
td3_svar_direct,2041Q1,4.086954566443847,1.9057660926474655,2.0,-1.2552234047799076,-0.09423390735253445,4.506017894302982,-0.4190633278591349
td3_svar_direct,2041Q2,3.825273119827881,1.8982621106447104,2.0,-1.4173630110810849,-0.1017378893552896,4.086954566443847,-0.2616814466159658
td3_svar_direct,2041Q3,3.7206616707162676,1.8921947853036167,2.0,-1.4886284979481792,-0.10780521469638327,3.825273119827881,-0.10461144911161346
td3_svar_direct,2041Q4,3.556616721179471,1.8868742541017582,2.0,-1.5510977386866913,-0.11312574589824176,3.7206616707162676,-0.16404494953679682
td3_svar_direct,2042Q1,3.4732785145550116,1.8824916367577027,2.0,-1.583795282623679,-0.1175083632422973,3.556616721179471,-0.08333820662445923
td3_svar_direct,2042Q2,3.3884279046973127,1.878666088923709,2.0,-1.6113018034091584,-0.12133391107629099,3.4732785145550116,-0.08485060985769888
td3_svar_direct,2042Q3,3.386374025678106,1.8744441138437697,2.0,-1.6177263040280445,-0.12555588615623026,3.3884279046973127,-0.002053879019206839
td3_svar_direct,2042Q4,3.34730565133259,1.8698114320341508,2.0,-1.6304629692304822,-0.1301885679658492,3.386374025678106,-0.0390683743455158
td3_svar_direct,2043Q1,3.3556082176485513,1.8646953737739045,2.0,-1.6310022951423888,-0.13530462622609551,3.34730565133259,0.008302566315961268
td3_svar_direct,2043Q2,3.321497047197375,1.8593445472929437,2.0,-1.640485485305592,-0.14065545270705626,3.3556082176485513,-0.03411117045117651
td3_svar_direct,2043Q3,3.327922422860643,1.8536651412240392,2.0,-1.6383579475863665,-0.14633485877596075,3.321497047197375,0.0064253756632681736
td3_svar_direct,2043Q4,3.306356135374108,1.847942526354774,2.0,-1.643501574080824,-0.15205747364522604,3.327922422860643,-0.021566287486534996
td3_svar_direct,2044Q1,3.313127387366249,1.8420017062088985,2.0,-1.640182068803737,-0.15799829379110153,3.306356135374108,0.006771251992141014
td3_svar_direct,2044Q2,3.296419652764076,1.8361287218679576,2.0,-1.6435710631809144,-0.1638712781320424,3.313127387366249,-0.01670773460217312
td3_svar_direct,2044Q3,3.300230901739534,1.8301821019292057,2.0,-1.6409241916656507,-0.16981789807079428,3.296419652764076,0.003811248975458259
td3_svar_direct,2044Q4,3.2871477986120197,1.8243669877029505,2.0,-1.6432739872408415,-0.17563301229704953,3.300230901739534,-0.013083103127514484
td3_svar_direct,2045Q1,3.289260774957262,1.8185617288209153,2.0,-1.6410396673361216,-0.18143827117908473,3.2871477986120197,0.0021129763452423234
td3_svar_direct,2045Q2,3.2791647928784076,1.8129191957322723,2.0,-1.6424851520082036,-0.18708080426772766,3.289260774957262,-0.010095982078854426
td3_svar_direct,2045Q3,3.280089043040436,1.8073406612172018,2.0,-1.6406048382223632,-0.19265933878279817,3.2791647928784076,0.0009242501620283505
td3_svar_direct,2045Q4,3.2720560632073115,1.801933338861355,2.0,-1.6414347972011096,-0.19806666113864502,3.280089043040436,-0.008032979833124454
sac_svar_revealed_direct,2040Q1,3.012826435946919,1.98026282937,2.0,0.030976821333872716,-0.019737170630000023,3.0000938526302,0.012732583316719115
sac_svar_revealed_direct,2040Q2,3.0246362745264093,1.9801325630067652,2.0,0.026703157565786992,-0.01986743699323479,3.012826435946919,0.01180983857949025
sac_svar_revealed_direct,2040Q3,3.03502073197519,1.9798502691220394,2.0,0.020678198007284904,-0.02014973087796057,3.0246362745264093,0.010384457448780804
sac_svar_revealed_direct,2040Q4,3.0447262857855475,1.9794973279863752,2.0,0.017640624480551186,-0.020502672013624768,3.03502073197519,0.009705553810357426
sac_svar_revealed_direct,2041Q1,3.0531487813524265,1.979035211806659,2.0,0.012442553302138892,-0.020964788193341022,3.0447262857855475,0.008422495566879018
sac_svar_revealed_direct,2041Q2,3.0590842195913095,1.9784979422573234,2.0,0.002837089340787176,-0.02150205774267655,3.0531487813524265,0.005935438238882984
sac_svar_revealed_direct,2041Q3,3.0617434575762728,1.9779134360491986,2.0,-0.00947807813143023,-0.02208656395080144,3.0590842195913095,0.0026592379849632586
sac_svar_revealed_direct,2041Q4,3.060763269764422,1.9773180908674342,2.0,-0.022832857929839218,-0.022681909132565847,3.0617434575762728,-0.000980187811850719
sac_svar_revealed_direct,2042Q1,3.05619182498161,1.9767437010773057,2.0,-0.03567190302888693,-0.02325629892269432,3.060763269764422,-0.0045714447828122395
sac_svar_revealed_direct,2042Q2,3.0483983473164296,1.9762223164371526,2.0,-0.04685086185468857,-0.023777683562847374,3.05619182498161,-0.007793477665180237
sac_svar_revealed_direct,2042Q3,3.037976298906549,1.9757805302779101,2.0,-0.05563313974804456,-0.02421946972208988,3.0483983473164296,-0.010422048409880702
sac_svar_revealed_direct,2042Q4,3.0256543143415464,1.9754378845755334,2.0,-0.06162896676742869,-0.024562115424466624,3.037976298906549,-0.012321984565002442
sac_svar_revealed_direct,2043Q1,3.012225185383281,1.9752060737712158,2.0,-0.06470438587915638,-0.02479392622878418,3.0256543143415464,-0.013429128958265313
sac_svar_revealed_direct,2043Q2,2.9984909188561066,1.9750892776003106,2.0,-0.06490837908118037,-0.02491072239968939,3.012225185383281,-0.013734266527174466
sac_svar_revealed_direct,2043Q3,2.9852179630062157,1.9750848115331603,2.0,-0.062421692205707015,-0.02491518846683971,2.9984909188561066,-0.013272955849890966
sac_svar_revealed_direct,2043Q4,2.973101190385444,1.9751840286695905,2.0,-0.057525496944465536,-0.02481597133040947,2.9852179630062157,-0.012116772620771599
sac_svar_revealed_direct,2044Q1,2.9627349234882216,1.9753733737757833,2.0,-0.0505827526156778,-0.02462662622421674,2.973101190385444,-0.01036626689722242
sac_svar_revealed_direct,2044Q2,2.9545898786082674,1.9756355080317924,2.0,-0.04202404362208576,-0.024364491968207558,2.9627349234882216,-0.008145044879954266
sac_svar_revealed_direct,2044Q3,2.948997861673593,1.9759504882163346,2.0,-0.032332352018946374,-0.024049511783665434,2.9545898786082674,-0.005592016934674593
sac_svar_revealed_direct,2044Q4,2.9461439787736925,1.9762969516452111,2.0,-0.022024293282921607,-0.02370304835478887,2.948997861673593,-0.002853882899900295
sac_svar_revealed_direct,2045Q1,2.946067471887331,1.9766532639513221,2.0,-0.011627726680788167,-0.023346736048677874,2.9461439787736925,-7.650688636129388e-05
sac_svar_revealed_direct,2045Q2,2.948668538299292,1.976998579979721,2.0,-0.001657577646066487,-0.02300142002027905,2.946067471887331,0.002601066411960673
sac_svar_revealed_direct,2045Q3,2.9537218324441175,1.977313784274365,2.0,0.007408488102379322,-0.022686215725634895,2.948668538299292,0.005053294144825582
sac_svar_revealed_direct,2045Q4,2.960895710024288,1.9775822851718399,2.0,0.015152136708296252,-0.02241771482816013,2.9537218324441175,0.007173877580170629
ppo_ann_direct_nonlinear,2040Q1,4.598692883395921,1.98026282937,2.0,0.03251669206995777,-0.019737170630000023,3.0000938526302,1.5985990307657207
ppo_ann_direct_nonlinear,2040Q2,4.498229675324792,1.9639320569794154,2.0,-0.30488193552443826,-0.03606794302058458,4.598692883395921,-0.10046320807112874
ppo_ann_direct_nonlinear,2040Q3,4.397667323598447,1.944935331936484,2.0,-0.5336146896524179,-0.055064668063516065,4.498229675324792,-0.10056235172634498
ppo_ann_direct_nonlinear,2040Q4,4.3083992881620565,1.9352663500777627,2.0,-0.8553626752582876,-0.06473364992223729,4.397667323598447,-0.08926803543639039
ppo_ann_direct_nonlinear,2041Q1,4.2723902464915025,1.9208283571596256,2.0,-1.0283900718317251,-0.07917164284037437,4.3083992881620565,-0.036009041670554076
ppo_ann_direct_nonlinear,2041Q2,4.244140984679973,1.909613363721751,2.0,-1.2217313424092882,-0.09038663627824906,4.2723902464915025,-0.028249261811529536
ppo_ann_direct_nonlinear,2041Q3,4.225369487022446,1.8984676396690103,2.0,-1.3852419948678785,-0.10153236033098967,4.244140984679973,-0.018771497657526837
ppo_ann_direct_nonlinear,2041Q4,4.210121183649997,1.8879856172668854,2.0,-1.5528252712296275,-0.11201438273311459,4.225369487022446,-0.015248303372448646
ppo_ann_direct_nonlinear,2042Q1,4.19829027618662,1.8771319816855774,2.0,-1.7096000026770677,-0.12286801831442262,4.210121183649997,-0.011830907463377116
ppo_ann_direct_nonlinear,2042Q2,4.188713606374629,1.8660776643536405,2.0,-1.8584459677143592,-0.13392233564635947,4.19829027618662,-0.009576669811991678
ppo_ann_direct_nonlinear,2042Q3,4.180781266394779,1.8547098301599132,2.0,-1.9986614695172344,-0.1452901698400868,4.188713606374629,-0.007932339979849878
ppo_ann_direct_nonlinear,2042Q4,4.1740133267745865,1.8430332955528026,2.0,-2.1312559656642285,-0.1569667044471974,4.180781266394779,-0.006767939620192287
ppo_ann_direct_nonlinear,2043Q1,4.168101661585295,1.8310308995289413,2.0,-2.256851646497435,-0.16896910047105873,4.1740133267745865,-0.005911665189291426
ppo_ann_direct_nonlinear,2043Q2,4.162827227586152,1.8187109476960648,2.0,-2.376172026475138,-0.18128905230393522,4.168101661585295,-0.005274433999143291
ppo_ann_direct_nonlinear,2043Q3,4.158040544011283,1.8060901691542857,2.0,-2.4898459953846843,-0.19390983084571434,4.162827227586152,-0.0047866835748688885
ppo_ann_direct_nonlinear,2043Q4,4.153635592868764,1.7931917906479071,2.0,-2.5983962681979436,-0.20680820935209288,4.158040544011283,-0.004404951142518598
ppo_ann_direct_nonlinear,2044Q1,4.149539005832266,1.7800428886326072,2.0,-2.7022566245489967,-0.21995711136739282,4.153635592868764,-0.004096587036498178
ppo_ann_direct_nonlinear,2044Q2,4.145696168511147,1.766671655066206,2.0,-2.8017840791210045,-0.23332834493379395,4.149539005832266,-0.003842837321118786
ppo_ann_direct_nonlinear,2044Q3,4.142067703554197,1.7531064337941498,2.0,-2.897276585462836,-0.24689356620585023,4.145696168511147,-0.003628464956950239
ppo_ann_direct_nonlinear,2044Q4,4.138626384992353,1.739374792862591,2.0,-2.988984996398478,-0.2606252071374091,4.142067703554197,-0.0034413185618440423
ppo_ann_direct_nonlinear,2045Q1,4.135348604748591,1.7255032371197097,2.0,-3.0771285680520437,-0.27449676288029035,4.138626384992353,-0.0032777802437617964
ppo_ann_direct_nonlinear,2045Q2,4.132218602179438,1.7115169196445932,2.0,-3.161908685536352,-0.2884830803554068,4.135348604748591,-0.0031300025691534117
ppo_ann_direct_nonlinear,2045Q3,4.129222204442064,1.6974394355857019,2.0,-3.243511816723878,-0.3025605644142981,4.132218602179438,-0.0029963977373741457
ppo_ann_direct_nonlinear,2045Q4,4.126349050416025,1.6832928197023493,2.0,-3.3221114646528864,-0.31670718029765066,4.129222204442064,-0.0028731540260382715
sac_ann_revealed_direct,2040Q1,3.238602034818058,1.98026282937,2.0,0.03119603699903824,-0.019737170630000023,3.0000938526302,0.23850818218785808
sac_ann_revealed_direct,2040Q2,3.5300608408420446,1.977825455514585,2.0,-0.02156760413538159,-0.022174544485414893,3.238602034818058,0.29145880602398666
sac_ann_revealed_direct,2040Q3,3.88211421413558,1.9718306209722625,2.0,-0.12274660421593937,-0.02816937902773753,3.5300608408420446,0.35205337329353537
sac_ann_revealed_direct,2040Q4,4.196457958866199,1.9627516009889674,2.0,-0.29355796486906094,-0.03724839901103261,3.88211421413558,0.31434374473061943
sac_ann_revealed_direct,2041Q1,4.4535229382194075,1.9502996309844298,2.0,-0.5117119753043693,-0.04970036901557018,4.196457958866199,0.25706497935320805
sac_ann_revealed_direct,2041Q2,4.660182842041431,1.9357378122384012,2.0,-0.7717640548275545,-0.06426218776159875,4.4535229382194075,0.2066599038220236
sac_ann_revealed_direct,2041Q3,4.8140978309328,1.919436256785028,2.0,-1.0537337017458548,-0.08056374321497195,4.660182842041431,0.15391498889136912
sac_ann_revealed_direct,2041Q4,4.926670524161006,1.9020769797910273,2.0,-1.34728491921004,-0.0979230202089727,4.8140978309328,0.11257269322820562
sac_ann_revealed_direct,2042Q1,5.004210859006624,1.8840355047982384,2.0,-1.6440165562847397,-0.11596449520176155,4.926670524161006,0.07754033484561784
sac_ann_revealed_direct,2042Q2,5.058605418089263,1.8655278826344095,2.0,-1.9373378841385505,-0.1344721173655905,5.004210859006624,0.05439455908263913
sac_ann_revealed_direct,2042Q3,5.096979840425547,1.8466572978031046,2.0,-2.2240239329462526,-0.1533427021968954,5.058605418089263,0.0383744223362843
sac_ann_revealed_direct,2042Q4,5.1282025188092,1.827418323578392,2.0,-2.5016262897176307,-0.17258167642160793,5.096979840425547,0.03122267838365289
sac_ann_revealed_direct,2043Q1,5.153929352114911,1.8077648394671564,2.0,-2.770021633967132,-0.19223516053284362,5.1282025188092,0.02572683330571124
sac_ann_revealed_direct,2043Q2,5.174837589338994,1.7876330006563734,2.0,-3.02881887654464,-0.21236699934362657,5.153929352114911,0.020908237224082526
sac_ann_revealed_direct,2043Q3,5.18875335330148,1.7670083775906542,2.0,-3.278123194061706,-0.2329916224093458,5.174837589338994,0.01391576396248606
sac_ann_revealed_direct,2043Q4,5.191757691568267,1.7459054728069698,2.0,-3.5172257832032066,-0.25409452719303016,5.18875335330148,0.00300433826678681
sac_ann_revealed_direct,2044Q1,5.185946748221179,1.7244143833266559,2.0,-3.744950738522926,-0.27558561667334414,5.191757691568267,-0.005810943347087871
sac_ann_revealed_direct,2044Q2,5.17160075709538,1.7026154748767584,2.0,-3.960518373118752,-0.29738452512324165,5.185946748221179,-0.014345991125798818
sac_ann_revealed_direct,2044Q3,5.149597095637727,1.680584260024811,2.0,-4.163102634295529,-0.3194157399751889,5.17160075709538,-0.022003661457652868
sac_ann_revealed_direct,2044Q4,5.061793360143129,1.6584142140076237,2.0,-4.352496196453561,-0.3415857859923763,5.149597095637727,-0.08780373549459775
sac_ann_revealed_direct,2045Q1,4.891655188677667,1.636785144169923,2.0,-4.51834411549135,-0.36321485583007695,5.061793360143129,-0.17013817146546195
sac_ann_revealed_direct,2045Q2,4.640879052900038,1.6166554815042338,2.0,-4.650269125052606,-0.38334451849576623,4.891655188677667,-0.25077613577762925
sac_ann_revealed_direct,2045Q3,4.31956042815828,1.598701998669748,2.0,-4.735298363291362,-0.40129800133025206,4.640879052900038,-0.32131862474175854
sac_ann_revealed_direct,2045Q4,3.970102127287577,1.583601140073156,2.0,-4.764963555030757,-0.416398859926844,4.31956042815828,-0.3494583008707024
sac_benchmark_transfer,2040Q1,2.6002675231625654,1.98026282937,2.0,0.030576283604462386,-0.019737170630000023,3.0000938526302,-0.3998263294676345
sac_benchmark_transfer,2040Q2,2.5342609414169646,1.9843489273393071,2.0,0.11653559141926179,-0.015651072660692877,2.6002675231625654,-0.06600658174560081
sac_benchmark_transfer,2040Q3,2.5938181845277626,1.9901040536426338,2.0,0.1938674832332492,-0.009895946357366237,2.5342609414169646,0.05955724311079802
sac_benchmark_transfer,2040Q4,2.72057192664861,1.99339690344816,2.0,0.291053175982897,-0.006603096551839993,2.5938181845277626,0.12675374212084733
sac_benchmark_transfer,2041Q1,2.818135074544699,1.9963212760516984,2.0,0.3339862834927329,-0.0036787239483015988,2.72057192664861,0.09756314789608922
sac_benchmark_transfer,2041Q2,2.880483484001911,1.9977393911655519,2.0,0.355509492572652,-0.002260608834448119,2.818135074544699,0.06234840945721176
sac_benchmark_transfer,2041Q3,2.907034450225688,1.9986151915121768,2.0,0.35628405914876665,-0.0013848084878231859,2.880483484001911,0.026550966223777284
sac_benchmark_transfer,2041Q4,2.917773160023331,1.9991221355863213,2.0,0.35590379984802645,-0.0008778644136786529,2.907034450225688,0.010738709797642798
sac_benchmark_transfer,2042Q1,2.921906904176136,1.9997532719453532,2.0,0.35505522644971516,-0.00024672805464676095,2.917773160023331,0.004133744152805097
sac_benchmark_transfer,2042Q2,2.9253186838801275,2.0005310246887262,2.0,0.3558968988544833,0.0005310246887262338,2.921906904176136,0.0034117797039914244
sac_benchmark_transfer,2042Q3,2.92874006894041,2.001486803801665,2.0,0.356823951362004,0.0014868038016651042,2.9253186838801275,0.0034213850602826668
sac_benchmark_transfer,2042Q4,2.932178354418051,2.0025554142533357,2.0,0.3576338687567689,0.0025554142533357194,2.92874006894041,0.00343828547764069
sac_benchmark_transfer,2043Q1,2.935177576276407,2.0037042640258838,2.0,0.357914272226836,0.0037042640258837523,2.932178354418051,0.0029992218583561048
sac_benchmark_transfer,2043Q2,2.9376705026511787,2.004900569230765,2.0,0.35781423774878257,0.004900569230764873,2.935177576276407,0.00249292637477172
sac_benchmark_transfer,2043Q3,2.9396866132474315,2.0061286781347816,2.0,0.3574075816508238,0.006128678134781573,2.9376705026511787,0.0020161105962528403
sac_benchmark_transfer,2043Q4,2.9413455960650183,2.0073750042817693,2.0,0.35681697109306465,0.007375004281769293,2.9396866132474315,0.001658982817586807
sac_benchmark_transfer,2044Q1,2.9427395939048564,2.008629841697272,2.0,0.35609806079911205,0.008629841697271878,2.9413455960650183,0.0013939978398380681
sac_benchmark_transfer,2044Q2,2.9439471277415112,2.009884196523836,2.0,0.3553017957102661,0.009884196523835875,2.9427395939048564,0.0012075338366548394
sac_benchmark_transfer,2044Q3,2.94502508729639,2.0111307466042905,2.0,0.3544598275166565,0.011130746604290476,2.9439471277415112,0.0010779595548786602
sac_benchmark_transfer,2044Q4,2.946017688810034,2.0123633159981327,2.0,0.3535977385418765,0.012363315998132673,2.94502508729639,0.000992601513643887
sac_benchmark_transfer,2045Q1,2.9469534851184442,2.0135770070325085,2.0,0.3527297567146498,0.013577007032508526,2.946017688810034,0.0009357963084104526
sac_benchmark_transfer,2045Q2,2.9478477603058497,2.0147679583396583,2.0,0.35186391837886877,0.014767958339658271,2.9469534851184442,0.00089427518740548
sac_benchmark_transfer,2045Q3,2.9487035344584314,2.015933287544466,2.0,0.3510029595553292,0.01593328754446599,2.9478477603058497,0.0008557741525816454
sac_benchmark_transfer,2045Q4,2.9495157210680776,2.0170709480794566,2.0,0.3501479647798137,0.017070948079456638,2.9487035344584314,0.0008121866096462149
ppo_svar_direct_nonlinear,2040Q1,6.239404539872299,1.98026282937,2.0,0.034109345300416725,-0.019737170630000023,3.0000938526302,3.2393106872420994
ppo_svar_direct_nonlinear,2040Q2,6.062906068024406,1.9471828420888635,2.0,-0.6261340140198772,-0.0528171579111365,6.239404539872299,-0.1764984718478937
ppo_svar_direct_nonlinear,2040Q3,5.967689541045285,1.9088621871267486,2.0,-1.0812229205008286,-0.0911378128732514,6.062906068024406,-0.09521652697912053
ppo_svar_direct_nonlinear,2040Q4,5.819730751859123,1.8882561639924273,2.0,-1.7350334394162519,-0.11174383600757265,5.967689541045285,-0.1479587891861618
ppo_svar_direct_nonlinear,2041Q1,5.694085304301952,1.8578947765376572,2.0,-2.102566126493003,-0.14210522346234278,5.819730751859123,-0.12564544755717133
ppo_svar_direct_nonlinear,2041Q2,5.554508862602116,1.8348291511077,2.0,-2.494375247889147,-0.16517084889230005,5.694085304301952,-0.13957644169983574
ppo_svar_direct_nonlinear,2041Q3,5.431849546194325,1.8128133980276613,2.0,-2.804983766149508,-0.18718660197233872,5.554508862602116,-0.12265931640779115
ppo_svar_direct_nonlinear,2041Q4,5.314575249940992,1.793007030550614,2.0,-3.101912389343263,-0.20699296944938594,5.431849546194325,-0.11727429625333308
ppo_svar_direct_nonlinear,2042Q1,5.211672375959825,1.7734444451169094,2.0,-3.3608588630950065,-0.22655555488309065,5.314575249940992,-0.10290287398116682
ppo_svar_direct_nonlinear,2042Q2,5.1221593251672415,1.7543342881086021,2.0,-3.5920095354654102,-0.24566571189139785,5.211672375959825,-0.08951305079258365
ppo_svar_direct_nonlinear,2042Q3,5.045582435504858,1.7352604511306244,2.0,-3.79640530294005,-0.26473954886937556,5.1221593251672415,-0.07657688966238307
ppo_svar_direct_nonlinear,2042Q4,4.980145801332396,1.716132256074548,2.0,-3.9785978936312234,-0.283867743925452,5.045582435504858,-0.06543663417246215
ppo_svar_direct_nonlinear,2043Q1,4.9241943860061115,1.696825542219937,2.0,-4.141528179632862,-0.303174457780063,4.980145801332396,-0.05595141532628478
ppo_svar_direct_nonlinear,2043Q2,4.876128211490471,1.6773013617285846,2.0,-4.288264912257224,-0.32269863827141543,4.9241943860061115,-0.04806617451564055
ppo_svar_direct_nonlinear,2043Q3,4.8346195241162295,1.657549052239642,2.0,-4.4212533993756695,-0.3424509477603579,4.876128211490471,-0.041508687374241404
ppo_svar_direct_nonlinear,2043Q4,4.798573075776118,1.6375878003420257,2.0,-4.542578792713747,-0.36241219965797433,4.8346195241162295,-0.0360464483401115
ppo_svar_direct_nonlinear,2044Q1,4.767101780660731,1.6174520301958244,2.0,-4.653954167988782,-0.3825479698041756,4.798573075776118,-0.031471295115387043
ppo_svar_direct_nonlinear,2044Q2,4.7394877156921185,1.5971842582823979,2.0,-4.756799780952038,-0.40281574171760215,4.767101780660731,-0.027614064968612517
ppo_svar_direct_nonlinear,2044Q3,4.715148957498611,1.5768298159936185,2.0,-4.852284387806692,-0.4231701840063815,4.7394877156921185,-0.02433875819350728
ppo_svar_direct_nonlinear,2044Q4,4.693609671237683,1.5564335229606763,2.0,-4.941367605513775,-0.4435664770393237,4.715148957498611,-0.021539286260928492
ppo_svar_direct_nonlinear,2045Q1,4.674477897384881,1.5360380461273373,2.0,-5.0248435769146305,-0.4639619538726627,4.693609671237683,-0.01913177385280207
ppo_svar_direct_nonlinear,2045Q2,4.657427505412581,1.5156826963745862,2.0,-5.103384595072094,-0.4843173036254138,4.674477897384881,-0.017050391972299295
ppo_svar_direct_nonlinear,2045Q3,4.642184334056154,1.4954027948934154,2.0,-5.1775602012483715,-0.5045972051065846,4.657427505412581,-0.01524317135642761
ppo_svar_direct_nonlinear,2045Q4,4.628517242819745,1.475229653986852,2.0,-5.247856716250876,-0.5247703460131481,4.642184334056154,-0.013667091236408524
td3_svar_revealed_direct,2040Q1,2.0271139614472418,1.98026282937,2.0,0.030019937631536923,-0.019737170630000023,3.0000938526302,-0.9729798911829581
td3_svar_revealed_direct,2040Q2,1.6783534761015275,1.9902078626414432,2.0,0.24381717473656558,-0.009792137358556774,2.0271139614472418,-0.34876048534571424
td3_svar_revealed_direct,2040Q3,1.6415134242453886,2.006190478774146,2.0,0.4788665226674732,0.006190478774145802,1.6783534761015275,-0.03684005185613892
td3_svar_revealed_direct,2040Q4,1.7521467389949783,2.0185529768902324,2.0,0.7864042182618165,0.018552976890232387,1.6415134242453886,0.1106333147495897
td3_svar_revealed_direct,2041Q1,1.921936801107988,2.0316313750178945,2.0,1.0090132684117652,0.03163137501789448,1.7521467389949783,0.16979006211300973
td3_svar_revealed_direct,2041Q2,2.1081348093697327,2.041966143248618,2.0,1.1850884999986657,0.041966143248617804,1.921936801107988,0.1861980082617447
td3_svar_revealed_direct,2041Q3,2.264981810312383,2.0500834022034975,2.0,1.3040309034714677,0.050083402203497496,2.1081348093697327,0.15684700094265036
td3_svar_revealed_direct,2041Q4,2.3713393243560077,2.0562831806522492,2.0,1.3914510497713821,0.05628318065224924,2.264981810312383,0.10635751404362459
td3_svar_revealed_direct,2042Q1,2.4474358355956016,2.0617546502452617,2.0,1.4577877455139867,0.06175465024526172,2.3713393243560077,0.07609651123959393
td3_svar_revealed_direct,2042Q2,2.50455702844401,2.0669688906765193,2.0,1.510920121128459,0.06696889067651934,2.4474358355956016,0.05712119284840833
td3_svar_revealed_direct,2042Q3,2.5493595172457404,2.0721759956953143,2.0,1.5552991995981693,0.0721759956953143,2.50455702844401,0.04480248880173043
td3_svar_revealed_direct,2042Q4,2.5853845638364943,2.077552659603004,2.0,1.5917743595914626,0.07755265960300406,2.5493595172457404,0.036025046590753895
td3_svar_revealed_direct,2043Q1,2.614752205217409,2.083131149487403,2.0,1.6215704488729947,0.08313114948740319,2.5853845638364943,0.029367641380914744
td3_svar_revealed_direct,2043Q2,2.6412983640590517,2.0889064670888455,2.0,1.645580031999017,0.08890646708884553,2.614752205217409,0.026546158841642686
td3_svar_revealed_direct,2043Q3,2.666748460880469,2.094823765144433,2.0,1.6643697283881087,0.09482376514443303,2.6412983640590517,0.0254500968214173
td3_svar_revealed_direct,2043Q4,2.6893452347176727,2.10081389746847,2.0,1.6782803973023552,0.1008138974684698,2.666748460880469,0.02259677383720371
td3_svar_revealed_direct,2044Q1,2.7082907914258794,2.1068402295973305,2.0,1.687941877094653,0.10684022959733053,2.6893452347176727,0.018945556708206635
td3_svar_revealed_direct,2044Q2,2.723451622377883,2.1128824985857024,2.0,1.6941705291188756,0.11288249858570243,2.7082907914258794,0.01516083095200349
td3_svar_revealed_direct,2044Q3,2.7351889466952444,2.118921536087191,2.0,1.6979550276810853,0.11892153608719092,2.723451622377883,0.01173732431736152
td3_svar_revealed_direct,2044Q4,2.7440739235940317,2.1249464913455967,2.0,1.7000740344235734,0.12494649134559666,2.7351889466952444,0.008884976898787311
td3_svar_revealed_direct,2045Q1,2.7507343338790347,2.130945579899964,2.0,1.7011378951781435,0.13094557989996414,2.7440739235940317,0.006660410285002971
td3_svar_revealed_direct,2045Q2,2.755743290544425,2.136905614143095,2.0,1.7015620805180198,0.1369056141430951,2.7507343338790347,0.005008956665390141
td3_svar_revealed_direct,2045Q3,2.7595830619898356,2.1428114272072016,2.0,1.701634971661732,0.14281142720720164,2.755743290544425,0.003839771445410811
td3_svar_revealed_direct,2045Q4,2.7626326026182744,2.148647639412056,2.0,1.7015427443982056,0.14864763941205617,2.7595830619898356,0.0030495406284387627
ppo_svar_revealed_direct,2040Q1,6.556204663310095,1.98026282937,2.0,0.03441672444110702,-0.019737170630000023,3.0000938526302,3.556110810679895
ppo_svar_revealed_direct,2040Q2,8.604918804023237,1.943950110856204,2.0,-0.6836840874939866,-0.05604988914379594,6.556204663310095,2.048714140713142
ppo_svar_revealed_direct,2040Q3,9.208456113023754,1.8790896459734097,2.0,-1.5952506637679953,-0.12091035402659034,8.604918804023237,0.6035373090005169
ppo_svar_revealed_direct,2040Q4,9.282772327355463,1.8224200867480982,2.0,-2.71421283805025,-0.1775799132519018,9.208456113023754,0.07431621433170932
ppo_svar_revealed_direct,2041Q1,9.24141967789569,1.763504557364989,2.0,-3.665199366625186,-0.236495442635011,9.282772327355463,-0.041352649459772906
ppo_svar_revealed_direct,2041Q2,9.175024900499421,1.7079628276253394,2.0,-4.514517072397387,-0.29203717237466065,9.24141967789569,-0.06639477739626898
ppo_svar_revealed_direct,2041Q3,9.104423417980858,1.6555929426424196,2.0,-5.26050605715932,-0.34440705735758037,9.175024900499421,-0.07060148251856369
ppo_svar_revealed_direct,2041Q4,9.032491769193683,1.6061357112829213,2.0,-5.941566387247345,-0.3938642887170787,9.104423417980858,-0.0719316487871744
ppo_svar_revealed_direct,2042Q1,8.96050427641254,1.557955414079515,2.0,-6.5630922404956955,-0.4420445859204849,9.032491769193683,-0.07198749278114391
ppo_svar_revealed_direct,2042Q2,8.889433920759299,1.510351204309835,2.0,-7.128285075975817,-0.48964879569016495,8.96050427641254,-0.07107035565324082
ppo_svar_revealed_direct,2042Q3,8.820159260840274,1.4629594801106998,2.0,-7.640238142232068,-0.5370405198893002,8.889433920759299,-0.06927465991902437
ppo_svar_revealed_direct,2042Q4,8.753395507663809,1.415621611656463,2.0,-8.1029511927852,-0.584378388343537,8.820159260840274,-0.0667637531764651
ppo_svar_revealed_direct,2043Q1,8.689690930674773,1.368269022185662,2.0,-8.520847303324313,-0.6317309778143381,8.753395507663809,-0.06370457698903564
ppo_svar_revealed_direct,2043Q2,8.629431858609792,1.3208925939753517,2.0,-8.8984724301728,-0.6791074060246483,8.689690930674773,-0.06025907206498182
ppo_svar_revealed_direct,2043Q3,8.572860100624546,1.2735234942168825,2.0,-9.240248398926454,-0.7264765057831175,8.629431858609792,-0.05657175798524605
ppo_svar_revealed_direct,2043Q4,8.520098542857973,1.2262171474963672,2.0,-9.550280589380655,-0.7737828525036328,8.572860100624546,-0.052761557766572764
ppo_svar_revealed_direct,2044Q1,8.471173139864666,1.179043251682077,2.0,-9.832294865860991,-0.820956748317923,8.520098542857973,-0.04892540299330683
ppo_svar_revealed_direct,2044Q2,8.426034500944086,1.1320767716904327,2.0,-10.089627771556101,-0.8679232283095673,8.471173139864666,-0.04513863892058012
ppo_svar_revealed_direct,2044Q3,8.384572945072414,1.0853921598563026,2.0,-10.325238970405064,-0.9146078401436974,8.426034500944086,-0.04146155587167222
ppo_svar_revealed_direct,2044Q4,8.346636673136295,1.0390596932182363,2.0,-10.541730528920551,-0.9609403067817637,8.384572945072414,-0.03793627193611826
ppo_svar_revealed_direct,2045Q1,8.312043198351676,0.9931437585429586,2.0,-10.741380223246075,-1.0068562414570414,8.346636673136295,-0.034593474784619715
ppo_svar_revealed_direct,2045Q2,8.280586527353805,0.9477019421946415,2.0,-10.926190557291566,-1.0522980578053585,8.312043198351676,-0.03145667099787097
ppo_svar_revealed_direct,2045Q3,8.252047645834374,0.9027845555030243,2.0,-11.097920932376264,-1.0972154444969757,8.280586527353805,-0.02853888151943096
ppo_svar_revealed_direct,2045Q4,8.226200011115374,0.8584347868490931,2.0,-11.25811575716904,-1.1415652131509069,8.252047645834374,-0.025847634718999757
ppo_ann_revealed_direct,2040Q1,6.136418061176517,1.98026282937,2.0,0.034009409134320295,-0.019737170630000023,3.0000938526302,3.136324208546317
ppo_ann_revealed_direct,2040Q2,8.3025450724483,1.9482338410328632,2.0,-0.6043298366821587,-0.051766158967136766,6.136418061176517,2.166127011271783
ppo_ann_revealed_direct,2040Q3,9.1816325786297,1.8872552231432878,2.0,-1.4824119574741437,-0.11274477685671225,8.3025450724483,0.8790875061813992
ppo_ann_revealed_direct,2040Q4,9.456608712788455,1.829227683350389,2.0,-2.5870261277731808,-0.1707723166496109,9.1816325786297,0.27497613415875577
ppo_ann_revealed_direct,2041Q1,9.559710442664098,1.7683095274012972,2.0,-3.5807828697517365,-0.2316904725987028,9.456608712788455,0.10310172987564314
ppo_ann_revealed_direct,2041Q2,9.619501839153177,1.7093521377882734,2.0,-4.489921391217653,-0.29064786221172656,9.559710442664098,0.05979139648907861
ppo_ann_revealed_direct,2041Q3,9.6626371887154,1.652469514710266,2.0,-5.308090689030924,-0.34753048528973407,9.619501839153177,0.04313534956222398
ppo_ann_revealed_direct,2041Q4,9.696992881664992,1.5976673286004985,2.0,-6.066565489828726,-0.40233267139950146,9.6626371887154,0.03435569294959073
ppo_ann_revealed_direct,2042Q1,9.725069220240947,1.5436079223607877,2.0,-6.770942836160916,-0.4563920776392123,9.696992881664992,0.028076338575955262
ppo_ann_revealed_direct,2042Q2,9.748187331330607,1.489601912496713,2.0,-7.423193062953714,-0.510398087503287,9.725069220240947,0.02311811108966033
ppo_ann_revealed_direct,2042Q3,9.767299957761281,1.4353185003152242,2.0,-8.0251331482898,-0.5646814996847758,9.748187331330607,0.01911262643067424
ppo_ann_revealed_direct,2042Q4,9.78316686868269,1.3806351364082061,2.0,-8.579366561641386,-0.6193648635917939,9.767299957761281,0.01586691092140846
ppo_ann_revealed_direct,2043Q1,9.796403176943645,1.3255320857325503,2.0,-9.089164817537204,-0.6744679142674497,9.78316686868269,0.013236308260955454
ppo_ann_revealed_direct,2043Q2,9.80750045359777,1.2700516083502982,2.0,-9.558069000213022,-0.7299483916497018,9.796403176943645,0.011097276654124855
ppo_ann_revealed_direct,2043Q3,9.816853193134,1.2142787070573078,2.0,-9.989685566834241,-0.7857212929426922,9.80750045359777,0.009352739536229393
ppo_ann_revealed_direct,2043Q4,9.82477463107907,1.1583229181629056,2.0,-10.387472697698872,-0.8416770818370944,9.816853193134,0.007921437945070053
ppo_ann_revealed_direct,2044Q1,9.831515394158135,1.1023071501239117,2.0,-10.754653950443778,-0.8976928498760883,9.82477463107907,0.006740763079065459
ppo_ann_revealed_direct,2044Q2,9.837276730883584,1.046357817695891,2.0,-11.094187428183233,-0.953642182304109,9.831515394158135,0.0057613367254489845
ppo_ann_revealed_direct,2044Q3,9.842220027988967,0.9905981918179398,2.0,-11.408760587777047,-1.0094018081820602,9.837276730883584,0.004943297105382882
ppo_ann_revealed_direct,2044Q4,9.846477256861531,0.935144070099073,2.0,-11.700795162336943,-1.064855929900927,9.842220027988967,0.004257228872564411
ppo_ann_revealed_direct,2045Q1,9.850154813726554,0.8801015400663574,2.0,-11.972465536155113,-1.1198984599336426,9.846477256861531,0.003677556865023135
ppo_ann_revealed_direct,2045Q2,9.85334083718002,0.8255658424959498,2.0,-12.225733742832478,-1.1744341575040502,9.850154813726554,0.0031860234534661913
ppo_ann_revealed_direct,2045Q3,9.85610946860445,0.7716207759060152,2.0,-12.462372530657294,-1.2283792240939848,9.85334083718002,0.002768631424428847
ppo_ann_revealed_direct,2045Q4,9.858520992695697,0.7183388236455068,2.0,-12.683984866264243,-1.2816611763544932,9.85610946860445,0.0024115240912472302
ppo_svar_revealed_direct_nonlinear,2040Q1,9.600499381602125,1.98026282937,2.0,0.03736641959960033,-0.019737170630000023,3.0000938526302,6.600405528971925
ppo_svar_revealed_direct_nonlinear,2040Q2,9.599943325137378,1.9129063908389738,2.0,-1.2255756264573308,-0.08709360916102615,9.600499381602125,-0.0005560564647471011
ppo_svar_revealed_direct_nonlinear,2040Q3,9.60041256044671,1.8328285434487672,2.0,-2.1653106983103054,-0.16717145655123278,9.599943325137378,0.0004692353093318502
ppo_svar_revealed_direct_nonlinear,2040Q4,9.600521289096495,1.786284104384566,2.0,-3.4709562822145705,-0.21371589561543392,9.60041256044671,0.00010872864978495045
ppo_svar_revealed_direct_nonlinear,2041Q1,9.600536578349644,1.719687747011848,2.0,-4.300031319966485,-0.2803122529881521,9.600521289096495,1.5289253148864645e-05
ppo_svar_revealed_direct_nonlinear,2041Q2,9.600545131839278,1.664291060787335,2.0,-5.163822174068041,-0.3357089392126651,9.600536578349644,8.553489633911227e-06
ppo_svar_revealed_direct_nonlinear,2041Q3,9.600549423540262,1.6097637878948508,2.0,-5.900168478616918,-0.39023621210514925,9.600545131839278,4.291700983927171e-06
ppo_svar_revealed_direct_nonlinear,2041Q4,9.600551808079299,1.5577027622472566,2.0,-6.608613303654545,-0.44229723775274343,9.600549423540262,2.384539037336708e-06
ppo_svar_revealed_direct_nonlinear,2042Q1,9.600553241723077,1.5052244223329267,2.0,-7.256378432420603,-0.49477557766707325,9.600551808079299,1.4336437779149946e-06
ppo_svar_revealed_direct_nonlinear,2042Q2,9.600554669078578,1.452636244664792,2.0,-7.852604806431408,-0.547363755335208,9.600553241723077,1.4273555013488703e-06
ppo_svar_revealed_direct_nonlinear,2042Q3,9.60055514909846,1.3996352635946518,2.0,-8.399350055167094,-0.6003647364053482,9.600554669078578,4.800198816212742e-07
ppo_svar_revealed_direct_nonlinear,2042Q4,9.600555623315042,1.3462102400555762,2.0,-8.900354476736496,-0.6537897599444238,9.60055514909846,4.7421658244672926e-07
ppo_svar_revealed_direct_nonlinear,2043Q1,9.600556100153907,1.2923801359454519,2.0,-9.359677600983314,-0.7076198640545481,9.600555623315042,4.768388652820477e-07
ppo_svar_revealed_direct_nonlinear,2043Q2,9.600556577015654,1.2382167265479207,2.0,-9.78130609325354,-0.7617832734520793,9.600556100153907,4.76861746534496e-07
ppo_svar_revealed_direct_nonlinear,2043Q3,9.600556577163072,1.1838247489221974,2.0,-10.169086523423884,-0.8161752510778026,9.600556577015654,1.4741807774498739e-10
ppo_svar_revealed_direct_nonlinear,2043Q4,9.600556577240617,1.1293221226257255,2.0,-10.526488843381076,-0.8706778773742745,9.600556577163072,7.754508146717853e-11
ppo_svar_revealed_direct_nonlinear,2044Q1,9.600556577281576,1.0748346843770684,2.0,-10.856652537385493,-0.9251653156229316,9.600556577240617,4.0959236002890975e-11
ppo_svar_revealed_direct_nonlinear,2044Q2,9.600556577402463,1.0204851965575499,2.0,-11.162382081676364,-0.9795148034424501,9.600556577281576,1.2088641199170524e-10
ppo_svar_revealed_direct_nonlinear,2044Q3,9.60055705410002,0.9663896739234443,2.0,-11.4461680962236,-1.0336103260765557,9.600556577402463,4.766975578718302e-07
ppo_svar_revealed_direct_nonlinear,2044Q4,9.600557054232864,0.9126543016869357,2.0,-11.710209097133001,-1.0873456983130643,9.60055705410002,1.3284306987770833e-10
ppo_svar_revealed_direct_nonlinear,2045Q1,9.600557054247158,0.8593747492366219,2.0,-11.956451512559845,-1.140625250763378,9.600557054232864,1.4294343486653815e-11
ppo_svar_revealed_direct_nonlinear,2045Q2,9.60055705431004,0.806635526151871,2.0,-12.186644107826385,-1.193364473848129,9.600557054247158,6.288125575792947e-11
ppo_svar_revealed_direct_nonlinear,2045Q3,9.600557054340669,0.7545097750089504,2.0,-12.402353795395983,-1.2454902249910496,9.60055705431004,3.062972098177852e-11
ppo_svar_revealed_direct_nonlinear,2045Q4,9.600557054379975,0.7030599873215215,2.0,-12.604989056674011,-1.2969400126784785,9.600557054340669,3.930544778540934e-11
ppo_ann_revealed_direct_nonlinear,2040Q1,9.780303388185946,1.98026282937,2.0,0.03754034377155782,-0.019737170630000023,3.0000938526302,6.780209535555746
ppo_ann_revealed_direct_nonlinear,2040Q2,9.780303865001079,1.9110740497074914,2.0,-1.2557543845680275,-0.0889259502925086,9.780303388185946,4.768151331546733e-07
ppo_ann_revealed_direct_nonlinear,2040Q3,9.78030386498307,1.8288926400265104,2.0,-2.2182425435574773,-0.17110735997348958,9.780303865001079,-1.800870563783974e-11
ppo_ann_revealed_direct_nonlinear,2040Q4,9.780303864993524,1.781171466196132,2.0,-3.553877082862931,-0.21882853380386802,9.78030386498307,1.0453859999870474e-11
ppo_ann_revealed_direct_nonlinear,2041Q1,9.780303864976633,1.7129218095391554,2.0,-4.401670910814972,-0.2870781904608446,9.780303864993524,-1.6891377185856982e-11
ppo_ann_revealed_direct_nonlinear,2041Q2,9.780303864962274,1.6561585777446564,2.0,-5.283901610615529,-0.34384142225534364,9.780303864976633,-1.4358292332872225e-11
ppo_ann_revealed_direct_nonlinear,2041Q3,9.78030386495007,1.6003125340081068,2.0,-6.035048555502143,-0.3996874659918932,9.780303864962274,-1.220357148667972e-11
ppo_ann_revealed_direct_nonlinear,2041Q4,9.780303864939697,1.5470125220377022,2.0,-6.756905573560867,-0.45298747796229777,9.78030386495007,-1.0373923942097463e-11
ppo_ann_revealed_direct_nonlinear,2042Q1,9.780303864930879,1.4933109629090098,2.0,-7.416157034464094,-0.5066890370909902,9.780303864939697,-8.817835350782843e-12
ppo_ann_revealed_direct_nonlinear,2042Q2,9.780303864923384,1.439523548497001,2.0,-8.022290020114191,-0.560476451502999,9.780303864930879,-7.494449505429657e-12
ppo_ann_revealed_direct_nonlinear,2042Q3,9.780303864917014,1.3853419124807551,2.0,-8.577495209811872,-0.6146580875192449,9.780303864923384,-6.370015626089298e-12
ppo_ann_revealed_direct_nonlinear,2042Q4,9.780303864911598,1.330757056393353,2.0,-9.085680756112739,-0.6692429436066469,9.780303864917014,-5.416112003331364e-12
ppo_ann_revealed_direct_nonlinear,2043Q1,9.780303864906996,1.2757904186000553,2.0,-9.551066518787776,-0.7242095813999447,9.780303864911598,-4.602540570886049e-12
ppo_ann_revealed_direct_nonlinear,2043Q2,9.780303864903084,1.2205169046856894,2.0,-9.977790764409592,-0.7794830953143106,9.780303864906996,-3.9115377603593515e-12
ppo_ann_revealed_direct_nonlinear,2043Q3,9.780303864899759,1.1650444100637647,2.0,-10.369838930444473,-0.8349555899362353,9.780303864903084,-3.325340003357269e-12
ppo_ann_revealed_direct_nonlinear,2043Q4,9.780303864896933,1.1094937211326021,2.0,-10.730804387255374,-0.8905062788673979,9.780303864899759,-2.8261837314857985e-12
ppo_ann_revealed_direct_nonlinear,2044Q1,9.78030386489453,1.0539931796690727,2.0,-11.063935383872796,-0.9460068203309273,9.780303864896933,-2.403410803708539e-12
ppo_ann_revealed_direct_nonlinear,2044Q2,9.780303864892486,0.9986675346061393,2.0,-11.372131447180722,-1.0013324653938607,9.78030386489453,-2.042810365310288e-12
ppo_ann_revealed_direct_nonlinear,2044Q3,9.780303864890751,0.9436342575640004,2.0,-11.657965384160645,-1.0563657424359996,9.780303864892486,-1.7355006320940447e-12
ppo_ann_revealed_direct_nonlinear,2044Q4,9.780303864889277,0.8890004888540908,2.0,-11.92370623736623,-1.1109995111459092,9.780303864890751,-1.4743761767022079e-12
ppo_ann_revealed_direct_nonlinear,2045Q1,9.780303864888023,0.8348623912841369,2.0,-12.171360951439665,-1.1651376087158631,9.780303864889277,-1.2541079286165768e-12
ppo_ann_revealed_direct_nonlinear,2045Q2,9.780303864886955,0.7813045674115722,2.0,-12.402730496511737,-1.2186954325884278,9.780303864888023,-1.0675904604795505e-12
ppo_ann_revealed_direct_nonlinear,2045Q3,9.780303864886049,0.7283999027914554,2.0,-12.619426771213389,-1.2716000972085446,9.780303864886955,-9.059419880941277e-13
ppo_ann_revealed_direct_nonlinear,2045Q4,9.78030386488528,0.6762103312587542,2.0,-12.82289693482726,-1.3237896687412458,9.780303864886049,-7.691625114603085e-13
empirical_taylor_rule,2040Q1,3.0902944288841994,1.98026282937,2.0,0.031052037260859984,-0.019737170630000023,3.0000938526302,0.09020057625399946
empirical_taylor_rule,2040Q2,3.162938153382489,1.9793409237365374,2.0,0.01005431628426286,-0.02065907626346264,3.0902944288841994,0.0726437244982896
empirical_taylor_rule,2040Q3,3.217367845170641,1.9774562433299636,2.0,-0.021357103215855065,-0.022543756670036386,3.162938153382489,0.054429691788151935
empirical_taylor_rule,2040Q4,3.2535634225663563,1.9752951699343608,2.0,-0.06160732051942601,-0.02470483006563917,3.217367845170641,0.03619557739571544
empirical_taylor_rule,2041Q1,3.2729365498513645,1.972686837274058,2.0,-0.1051947241374624,-0.027313162725941975,3.2535634225663563,0.019373127285008174
empirical_taylor_rule,2041Q2,3.276482144068676,1.969980848776198,2.0,-0.15324680522125492,-0.030019151223801943,3.2729365498513645,0.0035455942173117094
empirical_taylor_rule,2041Q3,3.2664469969333405,1.9673154025039996,2.0,-0.20066406732034964,-0.03268459749600039,3.276482144068676,-0.010035147135335709
empirical_taylor_rule,2041Q4,3.2454964546917364,1.9648370484094577,2.0,-0.24487254620878232,-0.03516295159054228,3.2664469969333405,-0.020950542241604087
empirical_taylor_rule,2042Q1,3.2166495556660055,1.9626052875994897,2.0,-0.2832730206682821,-0.03739471240051029,3.2454964546917364,-0.0288468990257309
empirical_taylor_rule,2042Q2,3.182935718650597,1.960662255342852,2.0,-0.3143712566311183,-0.0393377446571479,3.2166495556660055,-0.03371383701540864
empirical_taylor_rule,2042Q3,3.1471665435845675,1.9590177369825594,2.0,-0.33750289532957517,-0.04098226301744057,3.182935718650597,-0.03576917506602939
empirical_taylor_rule,2042Q4,3.1117666147181327,1.957659367323332,2.0,-0.3527311744422439,-0.04234063267666799,3.1471665435845675,-0.03539992886643484
empirical_taylor_rule,2043Q1,3.0786842855194956,1.9565570556615643,2.0,-0.36063250665364294,-0.04344294433843565,3.1117666147181327,-0.03308232919863707
empirical_taylor_rule,2043Q2,3.0493619603060784,1.9556697657212643,2.0,-0.3621215278671349,-0.044330234278735725,3.0786842855194956,-0.029322325213417155
empirical_taylor_rule,2043Q3,3.0247507125475632,1.9549510086912425,2.0,-0.3583029921534139,-0.0450489913087575,3.0493619603060784,-0.024611247758515198
empirical_taylor_rule,2043Q4,3.00535425324328,1.9543533661666446,2.0,-0.3503575365568064,-0.04564663383335543,3.0247507125475632,-0.01939645930428302
empirical_taylor_rule,2044Q1,2.991289720609919,1.9538319831454471,2.0,-0.33945937445782576,-0.04616801685455285,3.00535425324328,-0.01406453263336127
empirical_taylor_rule,2044Q2,2.9823567560561517,1.9533469781677415,2.0,-0.32671699563810414,-0.0466530218322585,2.991289720609919,-0.008932964553767242
empirical_taylor_rule,2044Q3,2.9781089748632343,1.952864981532593,2.0,-0.3131312613431014,-0.047135018467407086,2.9823567560561517,-0.004247781192917355
empirical_taylor_rule,2044Q4,2.977923961529928,1.952359912647435,2.0,-0.2995662581839809,-0.047640087352565086,2.9781089748632343,-0.00018501333330611658
empirical_taylor_rule,2045Q1,2.9810689467902005,1.9518131647243304,2.0,-0.28673107445528634,-0.04818683527566958,2.977923961529928,0.0031449852602722927
empirical_taylor_rule,2045Q2,2.986760007522666,1.9512133086795511,2.0,-0.2751714189359103,-0.04878669132044888,2.9810689467902005,0.005691060732465392
empirical_taylor_rule,2045Q3,2.994213344477984,1.9505554369177909,2.0,-0.2652695732500684,-0.049444563082209125,2.986760007522666,0.007453336955318246
empirical_taylor_rule,2045Q4,3.0026875520936027,1.9498402633973209,2.0,-0.25725215783290234,-0.05015973660267914,2.994213344477984,0.008474207615618568
riccati_reference,2040Q1,2.4454097409307503,1.98026282937,2.0,0.030425952887543517,-0.019737170630000023,3.0000938526302,-0.5546841116994496
riccati_reference,2040Q2,2.3404811459477823,1.9859317782953638,2.0,0.15065459558488614,-0.014068221704636175,2.4454097409307503,-0.10492859498296792
riccati_reference,2040Q3,2.423680427649197,1.9940607937352948,2.0,0.26182497467195226,-0.005939206264705232,2.3404811459477823,0.08319928170141466
riccati_reference,2040Q4,2.611515194966084,1.9988043485888634,2.0,0.39772117721378286,-0.0011956514111366445,2.423680427649197,0.18783476731688697
riccati_reference,2041Q1,2.7610843037063804,2.00285085380168,2.0,0.4567249493516596,0.002850853801680042,2.611515194966084,0.14956910874029639
riccati_reference,2041Q2,2.856979709868296,2.0046758918772527,2.0,0.48360357758855105,0.0046758918772527025,2.7610843037063804,0.09589540616191572
riccati_reference,2041Q3,2.896336576161006,2.0056488020185714,2.0,0.48051912994985985,0.0056488020185714305,2.856979709868296,0.039356866292709736
riccati_reference,2041Q4,2.908954396737384,2.0060909181088276,2.0,0.4759322835909155,0.006090918108827559,2.896336576161006,0.012617820576378058
riccati_reference,2042Q1,2.9106122362576126,2.006739901772727,2.0,0.47173573314217826,0.006739901772727208,2.908954396737384,0.0016578395202286877
riccati_reference,2042Q2,2.9115580293077246,2.007649798951358,2.0,0.47102670414060493,0.0076497989513582,2.9106122362576126,0.0009457930501119982
riccati_reference,2042Q3,2.9134905183439237,2.0088583039638657,2.0,0.4712175573297386,0.008858303963865666,2.9115580293077246,0.0019324890361991365
riccati_reference,2042Q4,2.9163185557143283,2.010257434466573,2.0,0.4716490015764906,0.010257434466573123,2.9134905183439237,0.0028280373704046013
riccati_reference,2043Q1,2.9190660647938005,2.0117855174806727,2.0,0.4715149125631022,0.011785517480672691,2.9163185557143283,0.002747509079472188
riccati_reference,2043Q2,2.9214053675456997,2.0133859595613117,2.0,0.4709617440471996,0.013385959561311722,2.9190660647938005,0.002339302751899197
riccati_reference,2043Q3,2.923285176756713,2.0150315637846283,2.0,0.47010165890974465,0.015031563784628332,2.9214053675456997,0.0018798092110134945
riccati_reference,2043Q4,2.92486197143755,2.0167009683466057,2.0,0.46912213308717365,0.016700968346605727,2.923285176756713,0.0015767946808367128
riccati_reference,2044Q1,2.926259632450916,2.0183795527188204,2.0,0.4680894195164511,0.018379552718820413,2.92486197143755,0.001397661013366136
riccati_reference,2044Q2,2.9275616009177323,2.020054076774918,2.0,0.4670435125415714,0.020054076774917995,2.926259632450916,0.0013019684668162945
riccati_reference,2044Q3,2.9288015009987562,2.0217139956365,2.0,0.46599174579839886,0.021713995636500005,2.9275616009177323,0.0012399000810239258
riccati_reference,2044Q4,2.929991877539061,2.0233507875126255,2.0,0.4649406454260798,0.023350787512625537,2.9288015009987562,0.0011903765403049604
riccati_reference,2045Q1,2.931132533743521,2.0249581803974595,2.0,0.46389241991793867,0.02495818039745945,2.929991877539061,0.001140656204459578
riccati_reference,2045Q2,2.932220597326423,2.0265316761423753,2.0,0.46285111794870065,0.026531676142375282,2.931132533743521,0.0010880635829022545
riccati_reference,2045Q3,2.9332520386350387,2.028068271705043,2.0,0.4618197968399683,0.028068271705043113,2.932220597326423,0.0010314413086156549
riccati_reference,2045Q4,2.934225053865397,2.029566053753226,2.0,0.4608016249993556,0.02956605375322585,2.9332520386350387,0.0009730152303584205
